text.started,text.stopped,key_resp.keys,key_resp.rt,key_resp.started,key_resp.stopped,text_2.started,text_2.stopped,text_3.started,text_3.stopped,mouse.x,mouse.y,mouse.leftButton,mouse.midButton,mouse.rightButton,mouse.time,mouse.clicked_name,mouse.started,mouse.stopped,text_4.started,text_4.stopped,text_5.started,text_5.stopped,text_6.started,text_6.stopped,text_7.started,text_7.stopped,text_8.started,text_8.stopped,text_9.started,text_9.stopped,text_ref.started,text_ref.stopped,participant,session,date,expName,psychopyVersion,frameRate
27.98457617,None,space,31.77618849,27.98457617,None,,,,,,,,,,,,,,,,,,,,,,,,,,,,S7,2,2020_May_21_1700,word_exp,2020.1.0,None
,,,,,,59.87656697,None,59.87656697,None,-0.011111111,-0.386666667,1,0,0,7.805973636,stim7,0.011729871,None,59.87656697,None,59.87656697,None,59.87656697,None,59.87656697,None,59.87656697,None,59.87656697,None,59.87656697,None,S7,2,2020_May_21_1700,word_exp,2020.1.0,None
,,,,,,87.97423139,None,87.97423139,None,0.397777778,-0.002222222,1,0,0,6.112794094,stim1,0.003007543,None,87.97423139,None,87.97423139,None,87.97423139,None,87.97423139,None,87.97423139,None,87.97423139,None,87.97423139,None,S7,2,2020_May_21_1700,word_exp,2020.1.0,None
,,,,,,114.3748421,None,114.3748421,None,0.024444444,-0.373333333,1,0,0,9.117462382,stim7,0.004608578,None,114.3748421,None,114.3748421,None,114.3748421,None,114.3748421,None,114.3748421,None,114.3748421,None,114.3748421,None,S7,2,2020_May_21_1700,word_exp,2020.1.0,None
,,,,,,159.815635,None,159.815635,None,-0.262222222,0.256666667,1,0,0,11.92235959,stim4,0.016114464,None,159.815635,None,159.815635,None,159.815635,None,159.815635,None,159.815635,None,159.815635,None,159.815635,None,S7,2,2020_May_21_1700,word_exp,2020.1.0,None
,,,,,,187.7317339,None,187.7317339,None,0.02,-0.388888889,1,0,0,8.355314,stim7,0.010137874,None,187.7317339,None,187.7317339,None,187.7317339,None,187.7317339,None,187.7317339,None,187.7317339,None,187.7317339,None,S7,2,2020_May_21_1700,word_exp,2020.1.0,None
,,,,,,223.8648682,None,223.8648682,None,0.238888889,0.258888889,1,0,0,4.418556883,stim2,8.04E-06,None,223.8648682,None,223.8648682,None,223.8648682,None,223.8648682,None,223.8648682,None,223.8648682,None,223.8648682,None,S7,2,2020_May_21_1700,word_exp,2020.1.0,None
,,,,,,257.4316874,None,257.4316874,None,-0.006666667,0.363333333,1,0,0,23.15452909,stim3,0.001696929,None,257.4316874,None,257.4316874,None,257.4316874,None,257.4316874,None,257.4316874,None,257.4316874,None,257.4316874,None,S7,2,2020_May_21_1700,word_exp,2020.1.0,None
,,,,,,301.1639185,None,301.1639185,None,0.016666667,-0.385555556,1,0,0,12.19173693,stim7,0.016443651,None,301.1639185,None,301.1639185,None,301.1639185,None,301.1639185,None,301.1639185,None,301.1639185,None,301.1639185,None,S7,2,2020_May_21_1700,word_exp,2020.1.0,None
,,,,,,334.212943,None,334.212943,None,-0.258888889,0.257777778,1,0,0,17.05554695,stim4,0.000497291,None,334.212943,None,334.212943,None,334.212943,None,334.212943,None,334.212943,None,334.212943,None,334.212943,None,S7,2,2020_May_21_1700,word_exp,2020.1.0,None
,,,,,,375.2171034,None,375.2171034,None,0.002222222,-0.385555556,1,0,0,8.079953851,stim7,0.015446662,None,375.2171034,None,375.2171034,None,375.2171034,None,375.2171034,None,375.2171034,None,375.2171034,None,375.2171034,None,S7,2,2020_May_21_1700,word_exp,2020.1.0,None
,,,,,,405.7794161,None,405.7794161,None,-0.383333333,-0.011111111,1,0,0,18.29698885,stim5,0.007482639,None,405.7794161,None,405.7794161,None,405.7794161,None,405.7794161,None,405.7794161,None,405.7794161,None,405.7794161,None,S7,2,2020_May_21_1700,word_exp,2020.1.0,None
,,,,,,444.8614918,None,444.8614918,None,0.004444444,-0.385555556,1,0,0,13.37529333,stim7,0.004115423,None,444.8614918,None,444.8614918,None,444.8614918,None,444.8614918,None,444.8614918,None,444.8614918,None,444.8614918,None,S7,2,2020_May_21_1700,word_exp,2020.1.0,None
,,,,,,494.7494137,None,494.7494137,None,0.274444444,0.258888889,1,0,0,6.724159108,stim2,0.002841296,None,494.7494137,None,494.7494137,None,494.7494137,None,494.7494137,None,494.7494137,None,494.7494137,None,494.7494137,None,S7,2,2020_May_21_1700,word_exp,2020.1.0,None
,,,,,,529.7164336,None,529.7164336,None,-0.013333333,0.366666667,1,0,0,11.91762155,stim3,0.016233297,None,529.7164336,None,529.7164336,None,529.7164336,None,529.7164336,None,529.7164336,None,529.7164336,None,529.7164336,None,S7,2,2020_May_21_1700,word_exp,2020.1.0,None
,,,,,,578.4068442,None,578.4068442,None,0.265555556,0.263333333,1,0,0,7.068364084,stim2,0.01463013,None,578.4068442,None,578.4068442,None,578.4068442,None,578.4068442,None,578.4068442,None,578.4068442,None,578.4068442,None,S7,2,2020_May_21_1700,word_exp,2020.1.0,None
,,,,,,602.3440029,None,602.3440029,None,-0.278888889,-0.263333333,1,0,0,19.86622678,stim6,0.001340885,None,602.3440029,None,602.3440029,None,602.3440029,None,602.3440029,None,602.3440029,None,602.3440029,None,602.3440029,None,S7,2,2020_May_21_1700,word_exp,2020.1.0,None
,,,,,,649.4084618,None,649.4084618,None,0.368888889,-0.011111111,1,0,0,30.82265,stim1,0.00343436,None,649.4084618,None,649.4084618,None,649.4084618,None,649.4084618,None,649.4084618,None,649.4084618,None,649.4084618,None,S7,2,2020_May_21_1700,word_exp,2020.1.0,None
,,,,,,705.9601106,None,705.9601106,None,-0.287777778,-0.271111111,1,0,0,24.6128779,stim6,0.002455941,None,705.9601106,None,705.9601106,None,705.9601106,None,705.9601106,None,705.9601106,None,705.9601106,None,705.9601106,None,S7,2,2020_May_21_1700,word_exp,2020.1.0,None
,,,,,,752.0985638,None,752.0985638,None,-0.002222222,0.371111111,1,0,0,9.527853716,stim3,0.002929637,None,752.0985638,None,752.0985638,None,752.0985638,None,752.0985638,None,752.0985638,None,752.0985638,None,752.0985638,None,S7,2,2020_May_21_1700,word_exp,2020.1.0,None
,,,,,,795.55711,None,795.55711,None,-0.256666667,-0.272222222,1,0,0,6.683813539,stim6,0.00192237,None,795.55711,None,795.55711,None,795.55711,None,795.55711,None,795.55711,None,795.55711,None,795.55711,None,S7,2,2020_May_21_1700,word_exp,2020.1.0,None
,,,,,,826.0444439,None,826.0444439,None,-0.348888889,-0.01,1,0,0,29.11869466,stim5,0.001101611,None,826.0444439,None,826.0444439,None,826.0444439,None,826.0444439,None,826.0444439,None,826.0444439,None,826.0444439,None,S7,2,2020_May_21_1700,word_exp,2020.1.0,None
,,,,,,878.1214188,None,878.1214188,None,0.292222222,0.265555556,1,0,0,6.662562501,stim2,0.010145061,None,878.1214188,None,878.1214188,None,878.1214188,None,878.1214188,None,878.1214188,None,878.1214188,None,878.1214188,None,S7,2,2020_May_21_1700,word_exp,2020.1.0,None
,,,,,,915.7418269,None,915.7418269,None,0.016666667,-0.384444444,1,0,0,7.35425879,stim7,0.000909751,None,915.7418269,None,915.7418269,None,915.7418269,None,915.7418269,None,915.7418269,None,915.7418269,None,915.7418269,None,S7,2,2020_May_21_1700,word_exp,2020.1.0,None
,,,,,,964.9913249,None,964.9913249,None,-0.372222222,-0.007777778,1,0,0,13.47572683,stim5,0.003799998,None,964.9913249,None,964.9913249,None,964.9913249,None,964.9913249,None,964.9913249,None,964.9913249,None,964.9913249,None,S7,2,2020_May_21_1700,word_exp,2020.1.0,None
,,,,,,1001.670215,None,1001.670215,None,-0.371111111,-0.007777778,1,0,0,7.668273965,stim5,0.00211813,None,1001.670215,None,1001.670215,None,1001.670215,None,1001.670215,None,1001.670215,None,1001.670215,None,1001.670215,None,S7,2,2020_May_21_1700,word_exp,2020.1.0,None
,,,,,,1027.954135,None,1027.954135,None,-0.027777778,0.367777778,1,0,0,9.928761447,stim3,0.004539242,None,1027.954135,None,1027.954135,None,1027.954135,None,1027.954135,None,1027.954135,None,1027.954135,None,1027.954135,None,S7,2,2020_May_21_1700,word_exp,2020.1.0,None
,,,,,,1058.70183,None,1058.70183,None,-0.253333333,-0.273333333,1,0,0,20.23076377,stim6,0.010527416,None,1058.70183,None,1058.70183,None,1058.70183,None,1058.70183,None,1058.70183,None,1058.70183,None,1058.70183,None,S7,2,2020_May_21_1700,word_exp,2020.1.0,None
,,,,,,1122.735764,None,1122.735764,None,-0.24,0.253333333,1,0,0,18.72392483,stim4,0.01596797,None,1122.735764,None,1122.735764,None,1122.735764,None,1122.735764,None,1122.735764,None,1122.735764,None,1122.735764,None,S7,2,2020_May_21_1700,word_exp,2020.1.0,None
,,,,,,1158.254551,None,1158.254551,None,0.004444444,-0.393333333,1,0,0,14.05288163,stim7,0.001128687,None,1158.254551,None,1158.254551,None,1158.254551,None,1158.254551,None,1158.254551,None,1158.254551,None,1158.254551,None,S7,2,2020_May_21_1700,word_exp,2020.1.0,None
,,,,,,1199.818124,None,1199.818124,None,-0.214444444,0.26,1,0,0,6.325303724,stim4,0.008590596,None,1199.818124,None,1199.818124,None,1199.818124,None,1199.818124,None,1199.818124,None,1199.818124,None,1199.818124,None,S7,2,2020_May_21_1700,word_exp,2020.1.0,None
,,,,,,1232.967804,None,1232.967804,None,0.337777778,0,1,0,0,6.460841926,stim1,0.003974576,None,1232.967804,None,1232.967804,None,1232.967804,None,1232.967804,None,1232.967804,None,1232.967804,None,1232.967804,None,S7,2,2020_May_21_1700,word_exp,2020.1.0,None
,,,,,,1256.991034,None,1256.991034,None,0.264444444,0.251111111,1,0,0,11.49771498,stim2,0.008626035,None,1256.991034,None,1256.991034,None,1256.991034,None,1256.991034,None,1256.991034,None,1256.991034,None,1256.991034,None,S7,2,2020_May_21_1700,word_exp,2020.1.0,None
,,,,,,1285.466869,None,1285.466869,None,-0.006666667,-0.384444444,1,0,0,9.516464926,stim7,0.000913694,None,1285.466869,None,1285.466869,None,1285.466869,None,1285.466869,None,1285.466869,None,1285.466869,None,1285.466869,None,S7,2,2020_May_21_1700,word_exp,2020.1.0,None
,,,,,,1315.852436,None,1315.852436,None,0.014444444,0.366666667,1,0,0,10.37715223,stim3,0.006850255,None,1315.852436,None,1315.852436,None,1315.852436,None,1315.852436,None,1315.852436,None,1315.852436,None,1315.852436,None,S7,2,2020_May_21_1700,word_exp,2020.1.0,None
,,,,,,1353.132787,None,1353.132787,None,0.257777778,-0.284444444,1,0,0,22.07040975,stim8,0.015168397,None,1353.132787,None,1353.132787,None,1353.132787,None,1353.132787,None,1353.132787,None,1353.132787,None,1353.132787,None,S7,2,2020_May_21_1700,word_exp,2020.1.0,None
,,,,,,1399.70116,None,1399.70116,None,0.007777778,-0.38,1,0,0,9.004416687,stim7,0.006613856,None,1399.70116,None,1399.70116,None,1399.70116,None,1399.70116,None,1399.70116,None,1399.70116,None,1399.70116,None,S7,2,2020_May_21_1700,word_exp,2020.1.0,None
,,,,,,1442.04194,None,1442.04194,None,0.343333333,-0.008888889,1,0,0,12.33116323,stim1,0.002121702,None,1442.04194,None,1442.04194,None,1442.04194,None,1442.04194,None,1442.04194,None,1442.04194,None,1442.04194,None,S7,2,2020_May_21_1700,word_exp,2020.1.0,None
,,,,,,1469.320146,None,1469.320146,None,0.015555556,-0.393333333,1,0,0,9.941162947,stim7,0.000186759,None,1469.320146,None,1469.320146,None,1469.320146,None,1469.320146,None,1469.320146,None,1469.320146,None,1469.320146,None,S7,2,2020_May_21_1700,word_exp,2020.1.0,None
,,,,,,1506.867568,None,1506.867568,None,-0.006666667,0.364444444,1,0,0,8.421418966,stim3,0.00247439,None,1506.867568,None,1506.867568,None,1506.867568,None,1506.867568,None,1506.867568,None,1506.867568,None,1506.867568,None,S7,2,2020_May_21_1700,word_exp,2020.1.0,None
,,,,,,1533.929101,None,1533.929101,None,0.366666667,-0.004444444,1,0,0,13.01811941,stim1,0.015973985,None,1533.929101,None,1533.929101,None,1533.929101,None,1533.929101,None,1533.929101,None,1533.929101,None,1533.929101,None,S7,2,2020_May_21_1700,word_exp,2020.1.0,None
,,,,,,1572.899939,None,1572.899939,None,0.253333333,0.267777778,1,0,0,12.42306079,stim2,0.002465362,None,1572.899939,None,1572.899939,None,1572.899939,None,1572.899939,None,1572.899939,None,1572.899939,None,1572.899939,None,S7,2,2020_May_21_1700,word_exp,2020.1.0,None
,,,,,,1612.561054,None,1612.561054,None,0.014444444,0.378888889,1,0,0,10.13301126,stim3,0.001315245,None,1612.561054,None,1612.561054,None,1612.561054,None,1612.561054,None,1612.561054,None,1612.561054,None,1612.561054,None,S7,2,2020_May_21_1700,word_exp,2020.1.0,None
,,,,,,1641.371839,None,1641.371839,None,0.394444444,-0.003333333,1,0,0,10.12369024,stim1,0.006369407,None,1641.371839,None,1641.371839,None,1641.371839,None,1641.371839,None,1641.371839,None,1641.371839,None,1641.371839,None,S7,2,2020_May_21_1700,word_exp,2020.1.0,None
,,,,,,1670.72891,None,1670.72891,None,-0.368888889,-0.004444444,1,0,0,12.30678233,stim5,0.014746614,None,1670.72891,None,1670.72891,None,1670.72891,None,1670.72891,None,1670.72891,None,1670.72891,None,1670.72891,None,S7,2,2020_May_21_1700,word_exp,2020.1.0,None
,,,,,,1716.756425,None,1716.756425,None,-0.271111111,-0.281111111,1,0,0,7.219275901,stim6,0.015881677,None,1716.756425,None,1716.756425,None,1716.756425,None,1716.756425,None,1716.756425,None,1716.756425,None,1716.756425,None,S7,2,2020_May_21_1700,word_exp,2020.1.0,None
,,,,,,1740.125816,None,1740.125816,None,0.003333333,-0.384444444,1,0,0,9.949174742,stim7,0.000111448,None,1740.125816,None,1740.125816,None,1740.125816,None,1740.125816,None,1740.125816,None,1740.125816,None,1740.125816,None,S7,2,2020_May_21_1700,word_exp,2020.1.0,None
,,,,,,1767.527546,None,1767.527546,None,0.401111111,-0.003333333,1,0,0,5.353293752,stim1,6.13E-05,None,1767.527546,None,1767.527546,None,1767.527546,None,1767.527546,None,1767.527546,None,1767.527546,None,1767.527546,None,S7,2,2020_May_21_1700,word_exp,2020.1.0,None
,,,,,,1798.989597,None,1798.989597,None,-0.006666667,-0.38,1,0,0,6.217407053,stim7,0.013698868,None,1798.989597,None,1798.989597,None,1798.989597,None,1798.989597,None,1798.989597,None,1798.989597,None,1798.989597,None,S7,2,2020_May_21_1700,word_exp,2020.1.0,None
,,,,,,1836.536996,None,1836.536996,None,0.356666667,-0.01,1,0,0,37.60285206,stim1,0.005541123,None,1836.536996,None,1836.536996,None,1836.536996,None,1836.536996,None,1836.536996,None,1836.536996,None,1836.536996,None,S7,2,2020_May_21_1700,word_exp,2020.1.0,None
,,,,,,1890.725736,None,1890.725736,None,-0.374444444,-0.008888889,1,0,0,8.281735488,stim5,0.016042621,None,1890.725736,None,1890.725736,None,1890.725736,None,1890.725736,None,1890.725736,None,1890.725736,None,1890.725736,None,S7,2,2020_May_21_1700,word_exp,2020.1.0,None
,,,,,,1918.593907,None,1918.593907,None,0.24,0.265555556,1,0,0,9.773144764,stim2,0.005466556,None,1918.593907,None,1918.593907,None,1918.593907,None,1918.593907,None,1918.593907,None,1918.593907,None,1918.593907,None,S7,2,2020_May_21_1700,word_exp,2020.1.0,None
,,,,,,1947.148486,None,1947.148486,None,-0.274444444,0.26,1,0,0,13.32137531,stim4,0.006150219,None,1947.148486,None,1947.148486,None,1947.148486,None,1947.148486,None,1947.148486,None,1947.148486,None,1947.148486,None,S7,2,2020_May_21_1700,word_exp,2020.1.0,None
,,,,,,1978.707654,None,1978.707654,None,-0.335555556,-0.025555556,1,0,0,10.88945707,stim5,0.005405508,None,1978.707654,None,1978.707654,None,1978.707654,None,1978.707654,None,1978.707654,None,1978.707654,None,1978.707654,None,S7,2,2020_May_21_1700,word_exp,2020.1.0,None
,,,,,,2014.707672,None,2014.707672,None,0.353333333,-0.008888889,1,0,0,12.87325533,stim1,0.002199216,None,2014.707672,None,2014.707672,None,2014.707672,None,2014.707672,None,2014.707672,None,2014.707672,None,2014.707672,None,S7,2,2020_May_21_1700,word_exp,2020.1.0,None
,,,,,,2045.608874,None,2045.608874,None,0.014444444,-0.386666667,1,0,0,7.958123539,stim7,0.004436758,None,2045.608874,None,2045.608874,None,2045.608874,None,2045.608874,None,2045.608874,None,2045.608874,None,2045.608874,None,S7,2,2020_May_21_1700,word_exp,2020.1.0,None
,,,,,,2071.543015,None,2071.543015,None,-0.003333333,0.371111111,1,0,0,18.64066408,stim3,0.007627367,None,2071.543015,None,2071.543015,None,2071.543015,None,2071.543015,None,2071.543015,None,2071.543015,None,2071.543015,None,S7,2,2020_May_21_1700,word_exp,2020.1.0,None
,,,,,,2108.956661,None,2108.956661,None,0.374444444,-0.004444444,1,0,0,8.201445583,stim1,0.003015765,None,2108.956661,None,2108.956661,None,2108.956661,None,2108.956661,None,2108.956661,None,2108.956661,None,2108.956661,None,S7,2,2020_May_21_1700,word_exp,2020.1.0,None
,,,,,,2147.921947,None,2147.921947,None,-0.266666667,-0.283333333,1,0,0,16.91224734,stim6,0.006784698,None,2147.921947,None,2147.921947,None,2147.921947,None,2147.921947,None,2147.921947,None,2147.921947,None,2147.921947,None,S7,2,2020_May_21_1700,word_exp,2020.1.0,None
,,,,,,2187.6563,None,2187.6563,None,-0.285555556,-0.266666667,1,0,0,12.27491523,stim6,0.003836582,None,2187.6563,None,2187.6563,None,2187.6563,None,2187.6563,None,2187.6563,None,2187.6563,None,2187.6563,None,S7,2,2020_May_21_1700,word_exp,2020.1.0,None
,,,,,,2219.836402,None,2219.836402,None,-0.262222222,-0.278888889,1,0,0,10.29948174,stim6,0.002106319,None,2219.836402,None,2219.836402,None,2219.836402,None,2219.836402,None,2219.836402,None,2219.836402,None,2219.836402,None,S7,2,2020_May_21_1700,word_exp,2020.1.0,None
,,,,,,2251.488395,None,2251.488395,None,-0.388888889,-0.002222222,1,0,0,9.794332844,stim5,0.0061792,None,2251.488395,None,2251.488395,None,2251.488395,None,2251.488395,None,2251.488395,None,2251.488395,None,2251.488395,None,S7,2,2020_May_21_1700,word_exp,2020.1.0,None
,,,,,,2287.621648,None,2287.621648,None,-0.011111111,-0.386666667,1,0,0,15.80794785,stim7,0.002960019,None,2287.621648,None,2287.621648,None,2287.621648,None,2287.621648,None,2287.621648,None,2287.621648,None,2287.621648,None,S7,2,2020_May_21_1700,word_exp,2020.1.0,None
,,,,,,2346.420171,None,2346.420171,None,0.277777778,-0.272222222,1,0,0,10.54957055,stim8,0.005413237,None,2346.420171,None,2346.420171,None,2346.420171,None,2346.420171,None,2346.420171,None,2346.420171,None,2346.420171,None,S7,2,2020_May_21_1700,word_exp,2020.1.0,None
,,,,,,2375.603892,None,2375.603892,None,0.026666667,-0.374444444,1,0,0,14.77610657,stim7,0.007375204,None,2375.603892,None,2375.603892,None,2375.603892,None,2375.603892,None,2375.603892,None,2375.603892,None,2375.603892,None,S7,2,2020_May_21_1700,word_exp,2020.1.0,None
,,,,,,2402.640931,None,2402.640931,None,-0.266666667,0.257777778,1,0,0,9.320717112,stim4,0.016111089,None,2402.640931,None,2402.640931,None,2402.640931,None,2402.640931,None,2402.640931,None,2402.640931,None,2402.640931,None,S7,2,2020_May_21_1700,word_exp,2020.1.0,None
,,,,,,2435.570345,None,2435.570345,None,0.363333333,0.001111111,1,0,0,11.93449844,stim1,0.003623759,None,2435.570345,None,2435.570345,None,2435.570345,None,2435.570345,None,2435.570345,None,2435.570345,None,2435.570345,None,S7,2,2020_May_21_1700,word_exp,2020.1.0,None
,,,,,,2470.666021,None,2470.666021,None,0.264444444,-0.277777778,1,0,0,14.46488377,stim8,0.006872821,None,2470.666021,None,2470.666021,None,2470.666021,None,2470.666021,None,2470.666021,None,2470.666021,None,2470.666021,None,S7,2,2020_May_21_1700,word_exp,2020.1.0,None
,,,,,,2521.1315,None,2521.1315,None,0.278888889,-0.278888889,1,0,0,7.169459559,stim8,0.002685348,None,2521.1315,None,2521.1315,None,2521.1315,None,2521.1315,None,2521.1315,None,2521.1315,None,2521.1315,None,S7,2,2020_May_21_1700,word_exp,2020.1.0,None
,,,,,,2549.000152,None,2549.000152,None,-0.271111111,-0.266666667,1,0,0,14.29922527,stim6,0.009587301,None,2549.000152,None,2549.000152,None,2549.000152,None,2549.000152,None,2549.000152,None,2549.000152,None,2549.000152,None,S7,2,2020_May_21_1700,word_exp,2020.1.0,None
,,,,,,2582.072763,None,2582.072763,None,0.261111111,-0.265555556,1,0,0,6.462981726,stim8,0.004325549,None,2582.072763,None,2582.072763,None,2582.072763,None,2582.072763,None,2582.072763,None,2582.072763,None,2582.072763,None,S7,2,2020_May_21_1700,word_exp,2020.1.0,None
,,,,,,2606.500738,None,2606.500738,None,-0.261111111,-0.261111111,1,0,0,7.975355895,stim6,0.006577161,None,2606.500738,None,2606.500738,None,2606.500738,None,2606.500738,None,2606.500738,None,2606.500738,None,2606.500738,None,S7,2,2020_May_21_1700,word_exp,2020.1.0,None
,,,,,,2630.816418,None,2630.816418,None,0.265555556,0.256666667,1,0,0,18.65338139,stim2,0.004985696,None,2630.816418,None,2630.816418,None,2630.816418,None,2630.816418,None,2630.816418,None,2630.816418,None,2630.816418,None,S7,2,2020_May_21_1700,word_exp,2020.1.0,None
,,,,,,2669.201819,None,2669.201819,None,-0.342222222,-0.002222222,1,0,0,29.26957038,stim5,0.003371741,None,2669.201819,None,2669.201819,None,2669.201819,None,2669.201819,None,2669.201819,None,2669.201819,None,2669.201819,None,S7,2,2020_May_21_1700,word_exp,2020.1.0,None
,,,,,,2721.366396,None,2721.366396,None,-0.015555556,-0.383333333,1,0,0,10.6813248,stim7,0.003649603,None,2721.366396,None,2721.366396,None,2721.366396,None,2721.366396,None,2721.366396,None,2721.366396,None,2721.366396,None,S7,2,2020_May_21_1700,word_exp,2020.1.0,None
,,,,,,2746.4569,None,2746.4569,None,-0.014444444,0.367777778,1,0,0,7.101535356,stim3,0.015540879,None,2746.4569,None,2746.4569,None,2746.4569,None,2746.4569,None,2746.4569,None,2746.4569,None,2746.4569,None,S7,2,2020_May_21_1700,word_exp,2020.1.0,None
,,,,,,2769.417544,None,2769.417544,None,-0.386666667,-0.006666667,1,0,0,4.978318829,stim5,0.007398248,None,2769.417544,None,2769.417544,None,2769.417544,None,2769.417544,None,2769.417544,None,2769.417544,None,2769.417544,None,S7,2,2020_May_21_1700,word_exp,2020.1.0,None
,,,,,,2794.080255,None,2794.080255,None,0.371111111,-0.005555556,1,0,0,9.995750002,stim1,0.006910266,None,2794.080255,None,2794.080255,None,2794.080255,None,2794.080255,None,2794.080255,None,2794.080255,None,2794.080255,None,S7,2,2020_May_21_1700,word_exp,2020.1.0,None
,,,,,,2818.534998,None,2818.534998,None,-0.243333333,-0.275555556,1,0,0,8.642927045,stim6,0.00033783,None,2818.534998,None,2818.534998,None,2818.534998,None,2818.534998,None,2818.534998,None,2818.534998,None,2818.534998,None,S7,2,2020_May_21_1700,word_exp,2020.1.0,None
,,,,,,2846.060488,None,2846.060488,None,-0.011111111,-0.391111111,1,0,0,11.29784787,stim7,0.004110628,None,2846.060488,None,2846.060488,None,2846.060488,None,2846.060488,None,2846.060488,None,2846.060488,None,2846.060488,None,S7,2,2020_May_21_1700,word_exp,2020.1.0,None
,,,,,,2894.645837,None,2894.645837,None,0.364444444,-0.016666667,1,0,0,8.733927823,stim1,0.000960782,None,2894.645837,None,2894.645837,None,2894.645837,None,2894.645837,None,2894.645837,None,2894.645837,None,2894.645837,None,S7,2,2020_May_21_1700,word_exp,2020.1.0,None
,,,,,,2926.610918,None,2926.610918,None,-0.254444444,0.26,1,0,0,6.911264803,stim4,0.002761383,None,2926.610918,None,2926.610918,None,2926.610918,None,2926.610918,None,2926.610918,None,2926.610918,None,2926.610918,None,S7,2,2020_May_21_1700,word_exp,2020.1.0,None
,,,,,,2948.175425,None,2948.175425,None,0.284444444,0.258888889,1,0,0,8.489888597,stim2,0.00548657,None,2948.175425,None,2948.175425,None,2948.175425,None,2948.175425,None,2948.175425,None,2948.175425,None,2948.175425,None,S7,2,2020_May_21_1700,word_exp,2020.1.0,None
,,,,,,2981.777292,None,2981.777292,None,0,-0.401111111,1,0,0,8.541070957,stim7,0.002273219,None,2981.777292,None,2981.777292,None,2981.777292,None,2981.777292,None,2981.777292,None,2981.777292,None,2981.777292,None,S7,2,2020_May_21_1700,word_exp,2020.1.0,None
,,,,,,3012.16108,None,3012.16108,None,0.273333333,0.246666667,1,0,0,23.54879563,stim2,0.004325106,None,3012.16108,None,3012.16108,None,3012.16108,None,3012.16108,None,3012.16108,None,3012.16108,None,3012.16108,None,S7,2,2020_May_21_1700,word_exp,2020.1.0,None
,,,,,,3061.862996,None,3061.862996,None,0,0.362222222,1,0,0,23.72081606,stim3,0.006855184,None,3061.862996,None,3061.862996,None,3061.862996,None,3061.862996,None,3061.862996,None,3061.862996,None,3061.862996,None,S7,2,2020_May_21_1700,word_exp,2020.1.0,None
,,,,,,3102.256983,None,3102.256983,None,0.356666667,-0.004444444,1,0,0,13.18362139,stim1,0.007434768,None,3102.256983,None,3102.256983,None,3102.256983,None,3102.256983,None,3102.256983,None,3102.256983,None,3102.256983,None,S7,2,2020_May_21_1700,word_exp,2020.1.0,None
,,,,,,3130.161375,None,3130.161375,None,-0.017777778,0.371111111,1,0,0,13.10444066,stim3,0.003979203,None,3130.161375,None,3130.161375,None,3130.161375,None,3130.161375,None,3130.161375,None,3130.161375,None,3130.161375,None,S7,2,2020_May_21_1700,word_exp,2020.1.0,None
,,,,,,3154.675154,None,3154.675154,None,-0.265555556,0.265555556,1,0,0,11.4537304,stim4,0.000334367,None,3154.675154,None,3154.675154,None,3154.675154,None,3154.675154,None,3154.675154,None,3154.675154,None,3154.675154,None,S7,2,2020_May_21_1700,word_exp,2020.1.0,None
,,,,,,3179.37689,None,3179.37689,None,-0.018888889,0.377777778,1,0,0,8.500810241,stim3,0.004837078,None,3179.37689,None,3179.37689,None,3179.37689,None,3179.37689,None,3179.37689,None,3179.37689,None,3179.37689,None,S7,2,2020_May_21_1700,word_exp,2020.1.0,None
,,,,,,3216.57418,None,3216.57418,None,-0.245555556,0.265555556,1,0,0,11.55244342,stim4,0.01660097,None,3216.57418,None,3216.57418,None,3216.57418,None,3216.57418,None,3216.57418,None,3216.57418,None,3216.57418,None,S7,2,2020_May_21_1700,word_exp,2020.1.0,None
,,,,,,3252.240578,None,3252.240578,None,0.362222222,-0.01,1,0,0,7.401938946,stim1,0.003981177,None,3252.240578,None,3252.240578,None,3252.240578,None,3252.240578,None,3252.240578,None,3252.240578,None,3252.240578,None,S7,2,2020_May_21_1700,word_exp,2020.1.0,None
,,,,,,3272.274663,None,3272.274663,None,-0.378888889,-0.004444444,1,0,0,7.112042554,stim5,0.004653244,None,3272.274663,None,3272.274663,None,3272.274663,None,3272.274663,None,3272.274663,None,3272.274663,None,3272.274663,None,S7,2,2020_May_21_1700,word_exp,2020.1.0,None
,,,,,,3306.189751,None,3306.189751,None,0.005555556,-0.374444444,1,0,0,28.23506651,stim7,0.000132867,None,3306.189751,None,3306.189751,None,3306.189751,None,3306.189751,None,3306.189751,None,3306.189751,None,3306.189751,None,S7,2,2020_May_21_1700,word_exp,2020.1.0,None
,,,,,,3355.383433,None,3355.383433,None,0.267777778,0.266666667,1,0,0,6.34216456,stim2,0.00166902,None,3355.383433,None,3355.383433,None,3355.383433,None,3355.383433,None,3355.383433,None,3355.383433,None,3355.383433,None,S7,2,2020_May_21_1700,word_exp,2020.1.0,None
,,,,,,3377.373906,None,3377.373906,None,-0.02,0.363333333,1,0,0,11.60362928,stim3,0.001782073,None,3377.373906,None,3377.373906,None,3377.373906,None,3377.373906,None,3377.373906,None,3377.373906,None,3377.373906,None,S7,2,2020_May_21_1700,word_exp,2020.1.0,None
,,,,,,3408.991005,None,3408.991005,None,0.013333333,-0.382222222,1,0,0,30.09040515,stim7,0.001966203,None,3408.991005,None,3408.991005,None,3408.991005,None,3408.991005,None,3408.991005,None,3408.991005,None,3408.991005,None,S7,2,2020_May_21_1700,word_exp,2020.1.0,None
,,,,,,3455.888044,None,3455.888044,None,0.233333333,0.262222222,1,0,0,7.653338121,stim2,0.01643793,None,3455.888044,None,3455.888044,None,3455.888044,None,3455.888044,None,3455.888044,None,3455.888044,None,3455.888044,None,S7,2,2020_May_21_1700,word_exp,2020.1.0,None
,,,,,,3479.738317,None,3479.738317,None,-0.351111111,0.001111111,1,0,0,5.238609123,stim5,0.003159152,None,3479.738317,None,3479.738317,None,3479.738317,None,3479.738317,None,3479.738317,None,3479.738317,None,3479.738317,None,S7,2,2020_May_21_1700,word_exp,2020.1.0,None
,,,,,,3503.004298,None,3503.004298,None,-0.011111111,0.373333333,1,0,0,7.708400323,stim3,0.002525702,None,3503.004298,None,3503.004298,None,3503.004298,None,3503.004298,None,3503.004298,None,3503.004298,None,3503.004298,None,S7,2,2020_May_21_1700,word_exp,2020.1.0,None
,,,,,,3531.55446,None,3531.55446,None,0.01,-0.402222222,1,0,0,6.519320542,stim7,0.001005438,None,3531.55446,None,3531.55446,None,3531.55446,None,3531.55446,None,3531.55446,None,3531.55446,None,3531.55446,None,S7,2,2020_May_21_1700,word_exp,2020.1.0,None
,,,,,,3552.736789,None,3552.736789,None,0.203333333,-0.278888889,1,0,0,24.61372721,stim8,0.00146587,None,3552.736789,None,3552.736789,None,3552.736789,None,3552.736789,None,3552.736789,None,3552.736789,None,3552.736789,None,S7,2,2020_May_21_1700,word_exp,2020.1.0,None
,,,,,,3586.969548,None,3586.969548,None,-0.383333333,-0.004444444,1,0,0,15.25851793,stim5,0.001487672,None,3586.969548,None,3586.969548,None,3586.969548,None,3586.969548,None,3586.969548,None,3586.969548,None,3586.969548,None,S7,2,2020_May_21_1700,word_exp,2020.1.0,None
,,,,,,3629.889593,None,3629.889593,None,0.276666667,0.266666667,1,0,0,7.269303508,stim2,0.002182651,None,3629.889593,None,3629.889593,None,3629.889593,None,3629.889593,None,3629.889593,None,3629.889593,None,3629.889593,None,S7,2,2020_May_21_1700,word_exp,2020.1.0,None
,,,,,,3652.309679,None,3652.309679,None,-0.354444444,-0.006666667,1,0,0,7.417003998,stim5,0.014431205,None,3652.309679,None,3652.309679,None,3652.309679,None,3652.309679,None,3652.309679,None,3652.309679,None,3652.309679,None,S7,2,2020_May_21_1700,word_exp,2020.1.0,None
,,,,,,3675.31834,None,3675.31834,None,0.027777778,0.368888889,1,0,0,10.35250193,stim3,0.0005872,None,3675.31834,None,3675.31834,None,3675.31834,None,3675.31834,None,3675.31834,None,3675.31834,None,3675.31834,None,S7,2,2020_May_21_1700,word_exp,2020.1.0,None
,,,,,,3713.584346,None,3713.584346,None,-0.274444444,-0.26,1,0,0,20.44247478,stim6,0.004004297,None,3713.584346,None,3713.584346,None,3713.584346,None,3713.584346,None,3713.584346,None,3713.584346,None,3713.584346,None,S7,2,2020_May_21_1700,word_exp,2020.1.0,None
,,,,,,3748.00294,None,3748.00294,None,-0.398888889,-0.006666667,1,0,0,4.328254023,stim5,0.003653675,None,3748.00294,None,3748.00294,None,3748.00294,None,3748.00294,None,3748.00294,None,3748.00294,None,3748.00294,None,S7,2,2020_May_21_1700,word_exp,2020.1.0,None
,,,,,,3772.433703,None,3772.433703,None,0.251111111,-0.275555556,1,0,0,29.14784043,stim8,0.002705286,None,3772.433703,None,3772.433703,None,3772.433703,None,3772.433703,None,3772.433703,None,3772.433703,None,3772.433703,None,S7,2,2020_May_21_1700,word_exp,2020.1.0,None
,,,,,,3822.266161,None,3822.266161,None,0.262222222,0.254444444,1,0,0,5.76080042,stim2,0.001298468,None,3822.266161,None,3822.266161,None,3822.266161,None,3822.266161,None,3822.266161,None,3822.266161,None,3822.266161,None,S7,2,2020_May_21_1700,word_exp,2020.1.0,None
,,,,,,3842.258303,None,3842.258303,None,0.273333333,-0.273333333,1,0,0,13.97062607,stim8,0.005745295,None,3842.258303,None,3842.258303,None,3842.258303,None,3842.258303,None,3842.258303,None,3842.258303,None,3842.258303,None,S7,2,2020_May_21_1700,word_exp,2020.1.0,None
,,,,,,3871.985465,None,3871.985465,None,0.006666667,0.375555556,1,0,0,10.29432841,stim3,0.001020819,None,3871.985465,None,3871.985465,None,3871.985465,None,3871.985465,None,3871.985465,None,3871.985465,None,3871.985465,None,S7,2,2020_May_21_1700,word_exp,2020.1.0,None